run_timestamp,backtest_name,model_name,feature_1,feature_2,feature_3,feature_4,feature_5,n_estimators,max_depth,min_samples_leaf,random_state,symbol,training_start_date,training_end_date,test_start_date,test_end_date,previous_trading_date,previous_close_before_test_start,3d_return_pct_pred,3d_return_pct_actual,3d_close_actual,3d_confidence_no_loss,3d_loss_probability,3d_count_pred_positive,3d_count_pred_positive_w_actual_positive,3d_buy_profit_pct,5d_return_pct_pred,5d_return_pct_actual,5d_close_actual,5d_confidence_no_loss,5d_loss_probability,5d_count_pred_positive,5d_count_pred_positive_w_actual_positive,5d_buy_profit_pct,7d_return_pct_pred,7d_return_pct_actual,7d_close_actual,7d_confidence_no_loss,7d_loss_probability,7d_count_pred_positive,7d_count_pred_positive_w_actual_positive,7d_buy_profit_pct,9d_return_pct_pred,9d_return_pct_actual,9d_close_actual,9d_confidence_no_loss,9d_loss_probability,9d_count_pred_positive,9d_count_pred_positive_w_actual_positive,9d_buy_profit_pct,average_return_pct_pred,average_return_pct_actual,average_close_actual,average_confidence_no_loss,average_loss_probability,sum_count_pred_positive,sum_count_pred_positive_w_actual_positive,overall_buy_profit_pct,min_child_weight,learning_rate,subsample,colsample_bytree,num_leaves,min_child_samples,iterations,depth,l2_leaf_reg,alpha,logreg_C,l1_ratio
2026-06-21_02-02-16,rf_100trees_depth8_leaf1_sqrt,RandomForest,close_lag_9,high,other_symbol_close,close_lag_8,close,100.0,8.0,1.0,42,TQQQ,2024-12-31,2025-12-31,2026-01-02,2026-01-14,2025-12-31,52.720001220703125,0.0082936140560005,0.0434369697990597,55.0099983215332,0.5197766631619944,0.4802233368380055,1,1,1.0,0.0205649037395034,0.0278831064485747,54.18999862670898,0.7143348181284292,0.2856651818715708,1,1,1.0,0.0315205421784594,0.0601289471840993,55.88999938964844,0.6258666626492452,0.3741333373507548,1,1,1.0,0.0229539979650405,0.0210546393143038,53.83000183105469,0.5287430920143686,0.4712569079856313,1,1,1.0,0.0208332644847509,0.0381259156865094,54.72999954223633,0.5971803089885094,0.4028196910114906,4,4,1.0,,,,,,,,,,,,
2026-06-21_02-02-16,rf_100trees_depth8_leaf1_sqrt,RandomForest,close,close_lag_9,high,close_lag_10,close_lag_8,100.0,8.0,1.0,42,TQQQ,2025-01-02,2026-01-02,2026-01-05,2026-01-15,2026-01-02,52.34999847412109,0.0020252049430425,0.0538681905830096,55.16999816894531,0.6221910319186917,0.3778089680813082,1,1,1.0,0.0262957687068561,0.0651384899103257,55.7599983215332,0.6031319392166689,0.3968680607833311,1,1,1.0,0.0250052043283742,0.062082141255584,55.59999847412109,0.650103900241163,0.3498960997588369,1,1,1.0,0.0264355055001355,0.0387775100890912,54.380001068115234,0.6276645161290322,0.3723354838709677,1,1,1.0,0.0199404208696021,0.0549665829595026,55.22749900817871,0.625772846876389,0.374227153123611,4,4,1.0,,,,,,,,,,,,
2026-06-21_02-02-16,rf_100trees_depth8_leaf1_sqrt,RandomForest,close_lag_9,close,high,other_symbol_close,close_lag_1,100.0,8.0,1.0,42,TQQQ,2025-01-05,2026-01-05,2026-01-06,2026-01-16,2026-01-05,53.59999847412109,0.0051285774874685,0.0110074658467154,54.18999862670898,0.5851222880433915,0.4148777119566085,1,1,1.0,0.0111336814561513,0.0427238988940081,55.88999938964844,0.6394342573140307,0.3605657426859693,1,1,1.0,0.0246222870244302,0.0042911075276361,53.83000183105469,0.4671461728810662,0.5328538271189338,1,1,1.0,0.0266224636763271,0.0100746442332095,54.13999938964844,0.6193968284988414,0.3806031715011586,1,1,1.0,0.0168767524110943,0.0170242791253923,54.51249980926514,0.5777748866843324,0.4222251133156676,4,4,1.0,,,,,,,,,,,,
2026-06-21_02-02-16,rf_100trees_depth8_leaf1_sqrt,RandomForest,other_symbol_close,ma_28,close,low,ma_14,100.0,8.0,1.0,42,SQQQ,2024-12-31,2025-12-31,2026-01-02,2026-01-14,2025-12-31,68.5,0.0117149079221048,-0.0421897721116559,65.61000061035156,0.4714424184489975,0.5285575815510025,1,0,0.0,0.0110838568319687,-0.0278832651402828,66.58999633789062,0.4470823577474916,0.5529176422525084,1,0,0.0,0.0164613793873907,-0.0582481439966354,64.51000213623047,0.6083088235294117,0.3916911764705882,1,0,0.0,0.0065943331833601,-0.02277368698677,66.94000244140625,0.6492738095238095,0.3507261904761904,1,0,0.0,0.0114636193312061,-0.037773717058836,65.91250038146973,0.5440268523124276,0.4559731476875724,4,0,0.0,,,,,,,,,,,,
2026-06-21_02-02-16,rf_100trees_depth8_leaf1_sqrt,RandomForest,ma_28,other_symbol_close,close,ma_14,close_lag_1,100.0,8.0,1.0,42,SQQQ,2025-01-02,2026-01-02,2026-01-05,2026-01-15,2026-01-02,68.97000122070312,0.0018081783672036,-0.05147169767908,65.41999816894531,0.5110987993799571,0.4889012006200429,1,0,0.0,-0.0052529917110337,-0.0623459906575593,64.66999816894531,0.5225574291300098,0.4774425708699902,0,0,,-0.0039755395122191,-0.0597361559179631,64.8499984741211,0.5092145748987854,0.4907854251012146,0,0,,0.0140629151610429,-0.0392924320212884,66.26000213623047,0.6620659340659341,0.3379340659340659,1,0,0.0,0.0016606405762484,-0.0532115690689727,65.29999923706055,0.5512341843686716,0.4487658156313284,2,0,0.0,,,,,,,,,,,,
2026-06-21_02-02-16,rf_100trees_depth8_leaf1_sqrt,RandomForest,ma_28,other_symbol_close,close,close_lag_9,close_lag_1,100.0,8.0,1.0,42,SQQQ,2025-01-05,2026-01-05,2026-01-06,2026-01-16,2026-01-05,67.36000061035156,0.0033141456493583,-0.0114311797132408,66.58999633789062,0.438097166402793,0.5619028335972069,1,0,0.0,0.0115817754624321,-0.0423099532110621,64.51000213623047,0.5469083774665171,0.4530916225334829,1,0,0.0,0.0158872295510749,-0.0062351271546866,66.94000244140625,0.7089473684210527,0.2910526315789473,1,0,0.0,0.0273662586720594,-0.0115795542195558,66.58000183105469,0.6244444444444444,0.3755555555555556,1,0,0.0,0.0145373523337312,-0.0178889535746363,66.15500068664551,0.5795993391837018,0.4204006608162982,4,0,0.0,,,,,,,,,,,,
2026-06-21_02-02-31,et_100trees_depth8_leaf1_sqrt,ExtraTrees,other_symbol_close,close,close_lag_10,low,close_lag_11,100.0,8.0,1.0,42,TQQQ,2024-12-31,2025-12-31,2026-01-02,2026-01-14,2025-12-31,52.720001220703125,0.0007493875801442,0.0434369697990597,55.0099983215332,0.4921208076064809,0.5078791923935191,1,1,1.0,0.0047368354803096,0.0278831064485747,54.18999862670898,0.6607726657248801,0.3392273342751198,1,1,1.0,0.0229678067972757,0.0601289471840993,55.88999938964844,0.6236114314381522,0.3763885685618477,1,1,1.0,0.0132527212346548,0.0210546393143038,53.83000183105469,0.6131152291478672,0.3868847708521327,1,1,1.0,0.0104266877730961,0.0381259156865094,54.72999954223633,0.597405033479345,0.4025949665206548,4,4,1.0,,,,,,,,,,,,
2026-06-21_02-02-31,et_100trees_depth8_leaf1_sqrt,ExtraTrees,other_symbol_close,close,close_lag_10,low,close_lag_11,100.0,8.0,1.0,42,TQQQ,2025-01-02,2026-01-02,2026-01-05,2026-01-15,2026-01-02,52.34999847412109,0.0065953187110011,0.0538681905830096,55.16999816894531,0.4923989869426294,0.5076010130573706,1,1,1.0,0.0045145842627889,0.0651384899103257,55.7599983215332,0.6699047266411406,0.3300952733588594,1,1,1.0,0.0247423371603285,0.062082141255584,55.59999847412109,0.7061105744238949,0.293889425576105,1,1,1.0,0.0161706150364818,0.0387775100890912,54.380001068115234,0.6254234587631875,0.3745765412368125,1,1,1.0,0.0130057137926501,0.0549665829595026,55.22749900817871,0.6234594366927131,0.3765405633072869,4,4,1.0,,,,,,,,,,,,
2026-06-21_02-02-31,et_100trees_depth8_leaf1_sqrt,ExtraTrees,other_symbol_close,close,close_lag_10,low,ma_14,100.0,8.0,1.0,42,TQQQ,2025-01-05,2026-01-05,2026-01-06,2026-01-16,2026-01-05,53.59999847412109,0.0009788855830153,0.0110074658467154,54.18999862670898,0.4523421967103924,0.5476578032896076,1,1,1.0,0.00845972856528,0.0427238988940081,55.88999938964844,0.5861361706386834,0.4138638293613166,1,1,1.0,0.0145368049265658,0.0042911075276361,53.83000183105469,0.5131590900833819,0.4868409099166181,1,1,1.0,0.009381327463,0.0100746442332095,54.13999938964844,0.553818265966715,0.446181734033285,1,1,1.0,0.0083391866344653,0.0170242791253923,54.51249980926514,0.5263639308497932,0.4736360691502068,4,4,1.0,,,,,,,,,,,,
2026-06-21_02-02-31,et_100trees_depth8_leaf1_sqrt,ExtraTrees,ma_ratio_14,close,other_symbol_close,low,ma_ratio_28,100.0,8.0,1.0,42,SQQQ,2024-12-31,2025-12-31,2026-01-02,2026-01-14,2025-12-31,68.5,0.0022276100448237,-0.0421897721116559,65.61000061035156,0.4704542626439382,0.5295457373560618,1,0,0.0,-0.0038149476842057,-0.0278832651402828,66.58999633789062,0.3775927940750511,0.6224072059249489,0,0,,-0.0090630673109265,-0.0582481439966354,64.51000213623047,0.4464246219167855,0.5535753780832144,0,0,,-0.0031427176878909,-0.02277368698677,66.94000244140625,0.5114056468339587,0.4885943531660413,0,0,,-0.0034482806595498,-0.037773717058836,65.91250038146973,0.4514693313674334,0.5485306686325666,1,0,0.0,,,,,,,,,,,,
2026-06-21_02-02-31,et_100trees_depth8_leaf1_sqrt,ExtraTrees,ma_ratio_14,close,other_symbol_close,low,ma_ratio_28,100.0,8.0,1.0,42,SQQQ,2025-01-02,2026-01-02,2026-01-05,2026-01-15,2026-01-02,68.97000122070312,-0.0011426024815591,-0.05147169767908,65.41999816894531,0.5477603141111755,0.4522396858888244,0,0,,-0.0075187208992807,-0.0623459906575593,64.66999816894531,0.3622215216553333,0.6377784783446667,0,0,,-0.0172211788748783,-0.0597361559179631,64.8499984741211,0.448201888442463,0.551798111557537,0,0,,-0.0183652682949391,-0.0392924320212884,66.26000213623047,0.5846740754725172,0.4153259245274828,0,0,,-0.0110619426376643,-0.0532115690689727,65.29999923706055,0.4857144499203722,0.5142855500796277,0,0,,,,,,,,,,,,,
2026-06-21_02-02-31,et_100trees_depth8_leaf1_sqrt,ExtraTrees,ma_ratio_14,close,low,other_symbol_close,ma_ratio_28,100.0,8.0,1.0,42,SQQQ,2025-01-05,2026-01-05,2026-01-06,2026-01-16,2026-01-05,67.36000061035156,0.0021986578911375,-0.0114311797132408,66.58999633789062,0.6026459698170282,0.3973540301829718,1,0,0.0,0.0024139057869972,-0.0423099532110621,64.51000213623047,0.4581249474909049,0.5418750525090951,1,0,0.0,0.008506378529852,-0.0062351271546866,66.94000244140625,0.5494672269279043,0.4505327730720957,1,0,0.0,0.0025393677207389,-0.0115795542195558,66.58000183105469,0.6104594827852377,0.3895405172147623,1,0,0.0,0.0039145774821814,-0.0178889535746363,66.15500068664551,0.5551744067552687,0.4448255932447312,4,0,0.0,,,,,,,,,,,,
2026-06-21_02-02-42,xgb_100trees_depth3_lr003_child1_sub08_col08,XGBoost,ma_7,ma_14,close_lag_8,close_lag_9,other_symbol_close,100.0,3.0,,42,TQQQ,2024-12-31,2025-12-31,2026-01-02,2026-01-14,2025-12-31,52.720001220703125,-0.0054405480623245,0.0434369697990597,55.0099983215332,0.5973615646362305,0.4026384353637695,0,0,,0.0125730624422431,0.0278831064485747,54.18999862670898,0.8835570737719536,0.1164429262280464,1,1,1.0,0.0352749750018119,0.0601289471840993,55.88999938964844,0.5492943227291107,0.4507056772708893,1,1,1.0,0.0353598073124885,0.0210546393143038,53.83000183105469,0.7696039378643036,0.2303960621356964,1,1,1.0,0.0194418241735547,0.0381259156865094,54.72999954223633,0.6999542247503996,0.3000457752496004,3,3,1.0,1.0,0.03,0.8,0.8,,,,,,,,
2026-06-21_02-02-42,xgb_100trees_depth3_lr003_child1_sub08_col08,XGBoost,ma_14,close_lag_6,close_lag_8,close_lag_9,other_symbol_close,100.0,3.0,,42,TQQQ,2025-01-02,2026-01-02,2026-01-05,2026-01-15,2026-01-02,52.34999847412109,0.0078452536836266,0.0538681905830096,55.16999816894531,0.4340903162956238,0.5659096837043762,1,1,1.0,0.0107269864529371,0.0651384899103257,55.7599983215332,0.741125077009201,0.2588749229907989,1,1,1.0,0.0169624891132116,0.062082141255584,55.59999847412109,0.5760991275310516,0.4239008724689483,1,1,1.0,0.0295812077820301,0.0387775100890912,54.380001068115234,0.686175137758255,0.313824862241745,1,1,1.0,0.0162789842579513,0.0549665829595026,55.22749900817871,0.6093724146485329,0.3906275853514671,4,4,1.0,1.0,0.03,0.8,0.8,,,,,,,,
2026-06-21_02-02-42,xgb_100trees_depth3_lr003_child1_sub08_col08,XGBoost,close_lag_8,ma_14,other_symbol_close,close_lag_9,close_lag_23,100.0,3.0,,42,TQQQ,2025-01-05,2026-01-05,2026-01-06,2026-01-16,2026-01-05,53.59999847412109,-0.0001489214773755,0.0110074658467154,54.18999862670898,0.6380311250686646,0.3619688749313354,0,0,,0.0215642303228378,0.0427238988940081,55.88999938964844,0.6682794392108917,0.3317205607891083,1,1,1.0,0.0156440027058124,0.0042911075276361,53.83000183105469,0.5562733113765717,0.4437266886234283,1,1,1.0,0.0147493230178952,0.0100746442332095,54.13999938964844,0.4931285977363586,0.5068714022636414,1,1,1.0,0.0129521586422924,0.0170242791253923,54.51249980926514,0.5889281183481216,0.4110718816518783,3,3,1.0,1.0,0.03,0.8,0.8,,,,,,,,
2026-06-21_02-02-42,xgb_100trees_depth3_lr003_child1_sub08_col08,XGBoost,ma_28,ma_14,close_lag_10,close_lag_20,other_symbol_close,100.0,3.0,,42,SQQQ,2024-12-31,2025-12-31,2026-01-02,2026-01-14,2025-12-31,68.5,0.0009146245429292,-0.0421897721116559,65.61000061035156,0.4233596920967102,0.5766403079032898,1,0,0.0,-0.0033553747925907,-0.0278832651402828,66.58999633789062,0.2802870869636535,0.7197129130363464,0,0,,-0.0126729840412735,-0.0582481439966354,64.51000213623047,0.4704185128211975,0.5295814871788025,0,0,,-0.0232541281729936,-0.02277368698677,66.94000244140625,0.4253484010696411,0.5746515989303589,0,0,,-0.0095919656159821,-0.037773717058836,65.91250038146973,0.3998534232378006,0.6001465767621994,1,0,0.0,1.0,0.03,0.8,0.8,,,,,,,,
2026-06-21_02-02-42,xgb_100trees_depth3_lr003_child1_sub08_col08,XGBoost,ma_28,close_lag_10,other_symbol_close,close_lag_32,close_lag_34,100.0,3.0,,42,SQQQ,2025-01-02,2026-01-02,2026-01-05,2026-01-15,2026-01-02,68.97000122070312,-0.0067081130109727,-0.05147169767908,65.41999816894531,0.3337680101394653,0.6662319898605347,0,0,,-0.0060552121140062,-0.0623459906575593,64.66999816894531,0.3538890480995178,0.6461109519004822,0,0,,-0.0273243132978677,-0.0597361559179631,64.8499984741211,0.4213390946388244,0.5786609053611755,0,0,,-0.0104744369164109,-0.0392924320212884,66.26000213623047,0.3308867812156677,0.6691132187843323,0,0,,-0.0126405188348144,-0.0532115690689727,65.29999923706055,0.3599707335233688,0.6400292664766312,0,0,,1.0,0.03,0.8,0.8,,,,,,,,
2026-06-21_02-02-42,xgb_100trees_depth3_lr003_child1_sub08_col08,XGBoost,close_lag_10,ma_28,close_lag_13,other_symbol_close,close_lag_16,100.0,3.0,,42,SQQQ,2025-01-05,2026-01-05,2026-01-06,2026-01-16,2026-01-05,67.36000061035156,0.0001126132992794,-0.0114311797132408,66.58999633789062,0.2607414126396179,0.7392585873603821,1,0,0.0,-0.0017687117215245,-0.0423099532110621,64.51000213623047,0.5059768557548523,0.4940231442451477,0,0,,-0.0179042425006628,-0.0062351271546866,66.94000244140625,0.5511494278907776,0.4488505721092224,0,0,,0.0037214567419141,-0.0115795542195558,66.58000183105469,0.4768579602241516,0.5231420397758484,1,0,0.0,-0.0039597210452484,-0.0178889535746363,66.15500068664551,0.4486814141273498,0.5513185858726501,2,0,0.0,1.0,0.03,0.8,0.8,,,,,,,,
2026-06-21_02-03-09,lgbm_100trees_depth3_lr003_leaves7_child20_sub08_col08,LightGBM,other_symbol_close,ma_7,ma_14,ma_ratio_7,return_14d_past,100.0,3.0,,42,TQQQ,2024-12-31,2025-12-31,2026-01-02,2026-01-14,2025-12-31,52.720001220703125,-0.0153246103726138,0.0434369697990597,55.0099983215332,0.3494812412330299,0.6505187587669701,0,0,,0.0050807047217379,0.0278831064485747,54.18999862670898,0.6633396621473675,0.3366603378526325,1,1,1.0,0.0035197256408941,0.0601289471840993,55.88999938964844,0.6228448989813278,0.3771551010186723,1,1,1.0,0.0117448126990647,0.0210546393143038,53.83000183105469,0.7080914324069334,0.2919085675930666,1,1,1.0,0.0012551581722707,0.0381259156865094,54.72999954223633,0.5859393086921647,0.4140606913078353,3,3,1.0,,0.03,0.8,0.8,7.0,20.0,,,,,,
2026-06-21_02-03-09,lgbm_100trees_depth3_lr003_leaves7_child20_sub08_col08,LightGBM,other_symbol_close,ma_7,ma_14,return_20d_past,return_14d_past,100.0,3.0,,42,TQQQ,2025-01-02,2026-01-02,2026-01-05,2026-01-15,2026-01-02,52.34999847412109,0.0062234897499602,0.0538681905830096,55.16999816894531,0.3290637139751127,0.6709362860248873,1,1,1.0,0.0095958427495745,0.0651384899103257,55.7599983215332,0.7936275980736134,0.2063724019263866,1,1,1.0,0.0043621464226305,0.062082141255584,55.59999847412109,0.4938076619850514,0.5061923380149486,1,1,1.0,0.0003965910297554,0.0387775100890912,54.380001068115234,0.4974423666235688,0.5025576333764312,1,1,1.0,0.0051445174879802,0.0549665829595026,55.22749900817871,0.5284853351643366,0.4715146648356634,4,4,1.0,,0.03,0.8,0.8,7.0,20.0,,,,,,
2026-06-21_02-03-09,lgbm_100trees_depth3_lr003_leaves7_child20_sub08_col08,LightGBM,other_symbol_close,ma_7,ma_14,return_20d_past,ma_ratio_7,100.0,3.0,,42,TQQQ,2025-01-05,2026-01-05,2026-01-06,2026-01-16,2026-01-05,53.59999847412109,0.000195926127496,0.0110074658467154,54.18999862670898,0.4644026203585876,0.5355973796414124,1,1,1.0,0.0124815340108881,0.0427238988940081,55.88999938964844,0.7514084502995562,0.2485915497004438,1,1,1.0,0.012935333849111,0.0042911075276361,53.83000183105469,0.3268017135142331,0.6731982864857669,1,1,1.0,0.0047495978247756,0.0100746442332095,54.13999938964844,0.4746076386479175,0.5253923613520824,1,1,1.0,0.0075905979530677,0.0170242791253923,54.51249980926514,0.5043051057050736,0.4956948942949264,4,4,1.0,,0.03,0.8,0.8,7.0,20.0,,,,,,
2026-06-21_02-03-09,lgbm_100trees_depth3_lr003_leaves7_child20_sub08_col08,LightGBM,ma_28,other_symbol_close,close,ma_7,close_lag_7,100.0,3.0,,42,SQQQ,2024-12-31,2025-12-31,2026-01-02,2026-01-14,2025-12-31,68.5,0.0167416071589718,-0.0421897721116559,65.61000061035156,0.7174072996292046,0.2825927003707954,1,0,0.0,-0.0117532944857815,-0.0278832651402828,66.58999633789062,0.3911451880651687,0.6088548119348313,0,0,,0.0253247253600151,-0.0582481439966354,64.51000213623047,0.6851046441406526,0.3148953558593473,1,0,0.0,-0.0211227255511911,-0.02277368698677,66.94000244140625,0.3388667423800735,0.6611332576199265,0,0,,0.0022975781205035,-0.037773717058836,65.91250038146973,0.5331309685537748,0.4668690314462251,2,0,0.0,,0.03,0.8,0.8,7.0,20.0,,,,,,
2026-06-21_02-03-09,lgbm_100trees_depth3_lr003_leaves7_child20_sub08_col08,LightGBM,ma_28,other_symbol_close,ma_7,close,return_10d_past,100.0,3.0,,42,SQQQ,2025-01-02,2026-01-02,2026-01-05,2026-01-15,2026-01-02,68.97000122070312,-0.0074490915070592,-0.05147169767908,65.41999816894531,0.4076967020077234,0.5923032979922765,0,0,,0.001843971823813,-0.0623459906575593,64.66999816894531,0.6153691753951698,0.3846308246048303,1,0,0.0,0.0109698961015965,-0.0597361559179631,64.8499984741211,0.6808551174733541,0.3191448825266458,1,0,0.0,-0.016966840251623,-0.0392924320212884,66.26000213623047,0.3164975629779308,0.6835024370220691,0,0,,-0.0029005159583181,-0.0532115690689727,65.29999923706055,0.5051046394635446,0.4948953605364554,2,0,0.0,,0.03,0.8,0.8,7.0,20.0,,,,,,
2026-06-21_02-03-09,lgbm_100trees_depth3_lr003_leaves7_child20_sub08_col08,LightGBM,ma_28,other_symbol_close,close,close_lag_7,ma_7,100.0,3.0,,42,SQQQ,2025-01-05,2026-01-05,2026-01-06,2026-01-16,2026-01-05,67.36000061035156,0.0086761067582541,-0.0114311797132408,66.58999633789062,0.2900028709426515,0.7099971290573485,1,0,0.0,0.0123700228963346,-0.0423099532110621,64.51000213623047,0.5765713109505046,0.4234286890494954,1,0,0.0,0.002465884372613,-0.0062351271546866,66.94000244140625,0.7550178880788742,0.2449821119211258,1,0,0.0,0.0038393750625796,-0.0115795542195558,66.58000183105469,0.7201589916820847,0.2798410083179152,1,0,0.0,0.0068378472724453,-0.0178889535746363,66.15500068664551,0.5854377654135288,0.4145622345864713,4,0,0.0,,0.03,0.8,0.8,7.0,20.0,,,,,,
2026-06-21_02-03-15,cat_100trees_depth3_lr003_l2_3,CatBoost,return_20d_past,other_symbol_close,ma_14,close,close_lag_8,,,,42,TQQQ,2024-12-31,2025-12-31,2026-01-02,2026-01-14,2025-12-31,52.720001220703125,-0.0016062377291992,0.0434369697990597,55.0099983215332,0.542436883840022,0.457563116159978,0,0,,0.012675600776232,0.0278831064485747,54.18999862670898,0.6997261462369504,0.3002738537630495,1,1,1.0,0.0175847035208781,0.0601289471840993,55.88999938964844,0.5059355474687868,0.4940644525312131,1,1,1.0,0.0233871932971593,0.0210546393143038,53.83000183105469,0.6025643883921101,0.3974356116078899,1,1,1.0,0.0130103149662675,0.0381259156865094,54.72999954223633,0.5876657414844673,0.4123342585155327,3,3,1.0,,0.03,,,,,100.0,3.0,3.0,,,
2026-06-21_02-03-15,cat_100trees_depth3_lr003_l2_3,CatBoost,return_20d_past,close_lag_8,other_symbol_close,close,high,,,,42,TQQQ,2025-01-02,2026-01-02,2026-01-05,2026-01-15,2026-01-02,52.34999847412109,0.0058152600696725,0.0538681905830096,55.16999816894531,0.5550168751200419,0.4449831248799581,1,1,1.0,0.017353281620042,0.0651384899103257,55.7599983215332,0.6163912998005933,0.3836087001994067,1,1,1.0,0.0192602081352679,0.062082141255584,55.59999847412109,0.4904169640103533,0.5095830359896467,1,1,1.0,0.0272263258197997,0.0387775100890912,54.380001068115234,0.4853035048473578,0.5146964951526422,1,1,1.0,0.0174137689111955,0.0549665829595026,55.22749900817871,0.5367821609445866,0.4632178390554134,4,4,1.0,,0.03,,,,,100.0,3.0,3.0,,,
2026-06-21_02-03-15,cat_100trees_depth3_lr003_l2_3,CatBoost,close,close_lag_8,close_lag_9,other_symbol_close,return_20d_past,,,,42,TQQQ,2025-01-05,2026-01-05,2026-01-06,2026-01-16,2026-01-05,53.59999847412109,0.0041061358608624,0.0110074658467154,54.18999862670898,0.5587518101429558,0.4412481898570441,1,1,1.0,0.0135975370399078,0.0427238988940081,55.88999938964844,0.5711703442201224,0.4288296557798776,1,1,1.0,0.0193021109022605,0.0042911075276361,53.83000183105469,0.3872417037141706,0.6127582962858293,1,1,1.0,0.0227201226214429,0.0100746442332095,54.13999938964844,0.4933512976988367,0.5066487023011633,1,1,1.0,0.0149314766061184,0.0170242791253923,54.51249980926514,0.5026287889440214,0.4973712110559786,4,4,1.0,,0.03,,,,,100.0,3.0,3.0,,,
2026-06-21_02-03-15,cat_100trees_depth3_lr003_l2_3,CatBoost,ma_28,other_symbol_close,open,low,close,,,,42,SQQQ,2024-12-31,2025-12-31,2026-01-02,2026-01-14,2025-12-31,68.5,-0.0015497946168938,-0.0421897721116559,65.61000061035156,0.4846314634626761,0.5153685365373238,0,0,,-0.0029303155468777,-0.0278832651402828,66.58999633789062,0.3856419005154877,0.6143580994845123,0,0,,-0.0055551445623085,-0.0582481439966354,64.51000213623047,0.60797410284081,0.39202589715919,0,0,,-0.0050515234299565,-0.02277368698677,66.94000244140625,0.6675065949716158,0.3324934050283842,0,0,,-0.0037716945390091,-0.037773717058836,65.91250038146973,0.5364385154476474,0.4635614845523526,0,0,,,0.03,,,,,100.0,3.0,3.0,,,
2026-06-21_02-03-15,cat_100trees_depth3_lr003_l2_3,CatBoost,ma_28,other_symbol_close,open,low,close_lag_1,,,,42,SQQQ,2025-01-02,2026-01-02,2026-01-05,2026-01-15,2026-01-02,68.97000122070312,-0.0033365550711607,-0.05147169767908,65.41999816894531,0.6094171958254269,0.3905828041745732,0,0,,-0.0032207038127023,-0.0623459906575593,64.66999816894531,0.4342746894140072,0.5657253105859927,0,0,,0.0016400459858768,-0.0597361559179631,64.8499984741211,0.4828869401952284,0.5171130598047716,1,0,0.0,-0.0026272003116178,-0.0392924320212884,66.26000213623047,0.6257449773929543,0.3742550226070457,0,0,,-0.001886103302401,-0.0532115690689727,65.29999923706055,0.5380809507069042,0.4619190492930958,1,0,0.0,,0.03,,,,,100.0,3.0,3.0,,,
2026-06-21_02-03-15,cat_100trees_depth3_lr003_l2_3,CatBoost,other_symbol_close,ma_28,low,close,close_lag_1,,,,42,SQQQ,2025-01-05,2026-01-05,2026-01-06,2026-01-16,2026-01-05,67.36000061035156,-0.006697895933995,-0.0114311797132408,66.58999633789062,0.4093810755260961,0.5906189244739039,0,0,,-0.003198576045988,-0.0423099532110621,64.51000213623047,0.5596814434533056,0.4403185565466944,0,0,,0.0006590811016946,-0.0062351271546866,66.94000244140625,0.6659250473471747,0.3340749526528253,1,0,0.0,0.0076681237413401,-0.0115795542195558,66.58000183105469,0.7303905288864039,0.2696094711135961,1,0,0.0,-0.000392316784237,-0.0178889535746363,66.15500068664551,0.5913445238032451,0.4086554761967549,2,0,0.0,,0.03,,,,,100.0,3.0,3.0,,,
2026-06-21_02-03-56,ridge_alpha001_logreg_C001,Ridge,ma_ratio_7,low,high,return_10d_past,open,,,,42,TQQQ,2024-12-31,2025-12-31,2026-01-02,2026-01-14,2025-12-31,52.720001220703125,0.086901684070406,0.0434369697990597,55.0099983215332,0.4019337452298532,0.5980662547701467,1,1,1.0,0.1107805408522407,0.0278831064485747,54.18999862670898,0.4762782674937705,0.5237217325062294,1,1,1.0,0.0779819106790473,0.0601289471840993,55.88999938964844,0.3736662269928653,0.6263337730071347,1,1,1.0,0.0509912221497537,0.0210546393143038,53.83000183105469,0.2712349342679852,0.7287650657320148,1,1,1.0,0.0816638394378619,0.0381259156865094,54.72999954223633,0.3807782934961186,0.6192217065038814,4,4,1.0,,,,,,,,,,0.01,0.01,
2026-06-21_02-03-56,ridge_alpha001_logreg_C001,Ridge,ma_ratio_7,low,high,return_10d_past,open,,,,42,TQQQ,2025-01-02,2026-01-02,2026-01-05,2026-01-15,2026-01-02,52.34999847412109,0.1400550200398412,0.0538681905830096,55.16999816894531,0.447398140970575,0.5526018590294249,1,1,1.0,0.0552953076143189,0.0651384899103257,55.7599983215332,0.4645822695514757,0.5354177304485243,1,1,1.0,0.0667417427828506,0.062082141255584,55.59999847412109,0.459712293544701,0.540287706455299,1,1,1.0,-0.0431918123948336,0.0387775100890912,54.380001068115234,0.2666657879693158,0.7333342120306842,0,0,,0.0547250645105443,0.0549665829595026,55.22749900817871,0.4095896230090169,0.5904103769909831,3,3,1.0,,,,,,,,,,0.01,0.01,
2026-06-21_02-03-56,ridge_alpha001_logreg_C001,Ridge,ma_ratio_7,low,high,return_10d_past,ma_ratio_28,,,,42,TQQQ,2025-01-05,2026-01-05,2026-01-06,2026-01-16,2026-01-05,53.59999847412109,0.033539706587985,0.0110074658467154,54.18999862670898,0.3887731407243083,0.6112268592756916,1,1,1.0,-0.0042223215717121,0.0427238988940081,55.88999938964844,0.3982860704837303,0.6017139295162697,0,0,,-0.0419008469561852,0.0042911075276361,53.83000183105469,0.3349929282811025,0.6650070717188975,0,0,,-0.1512518934805121,0.0100746442332095,54.13999938964844,0.2289725121663633,0.7710274878336366,0,0,,-0.0409588388551061,0.0170242791253923,54.51249980926514,0.3377561629138761,0.6622438370861239,1,1,1.0,,,,,,,,,,0.01,0.01,
2026-06-21_02-03-56,ridge_alpha001_logreg_C001,Ridge,ma_ratio_7,low,close,ma_ratio_14,high,,,,42,SQQQ,2024-12-31,2025-12-31,2026-01-02,2026-01-14,2025-12-31,68.5,-0.0704645017998596,-0.0421897721116559,65.61000061035156,0.4636363294708191,0.5363636705291809,0,0,,-0.1328643577898157,-0.0278832651402828,66.58999633789062,0.4339976535520577,0.5660023464479422,0,0,,-0.1116056744908657,-0.0582481439966354,64.51000213623047,0.4937873681790687,0.5062126318209312,0,0,,-0.0692353106851774,-0.02277368698677,66.94000244140625,0.6764139407057905,0.3235860592942094,0,0,,-0.0960424611914296,-0.037773717058836,65.91250038146973,0.516958822976934,0.483041177023066,0,0,,,,,,,,,,,0.01,0.01,
2026-06-21_02-03-56,ridge_alpha001_logreg_C001,Ridge,ma_ratio_7,low,close,ma_ratio_14,high,,,,42,SQQQ,2025-01-02,2026-01-02,2026-01-05,2026-01-15,2026-01-02,68.97000122070312,-0.0982460354201578,-0.05147169767908,65.41999816894531,0.444589321093258,0.555410678906742,0,0,,-0.0326634922739358,-0.0623459906575593,64.66999816894531,0.4175700285799086,0.5824299714200913,0,0,,-0.0488478413990311,-0.0597361559179631,64.8499984741211,0.4096582153184114,0.5903417846815886,0,0,,0.0449419170522361,-0.0392924320212884,66.26000213623047,0.6488016302330384,0.3511983697669616,1,0,0.0,-0.0337038630102221,-0.0532115690689727,65.29999923706055,0.4801547988061541,0.5198452011938459,1,0,0.0,,,,,,,,,,0.01,0.01,
2026-06-21_02-03-56,ridge_alpha001_logreg_C001,Ridge,ma_ratio_7,low,close,ma_ratio_14,high,,,,42,SQQQ,2025-01-05,2026-01-05,2026-01-06,2026-01-16,2026-01-05,67.36000061035156,-0.0151548689691411,-0.0114311797132408,66.58999633789062,0.4831031678245083,0.5168968321754916,0,0,,-0.0547134849181613,-0.0423099532110621,64.51000213623047,0.5034247992164103,0.4965752007835897,0,0,,-0.0229698723208299,-0.0062351271546866,66.94000244140625,0.5276884057868987,0.4723115942131013,0,0,,0.0720241061490832,-0.0115795542195558,66.58000183105469,0.6794977749066888,0.3205022250933111,1,0,0.0,-0.0052035300147623,-0.0178889535746363,66.15500068664551,0.5484285369336266,0.4515714630663734,1,0,0.0,,,,,,,,,,0.01,0.01,
2026-06-21_02-04-00,elasticnet_alpha0001_l1_01_logreg_C001,ElasticNet,close_lag_5,ma_ratio_28,other_symbol_close,return_20d_past,return_14d_past,,,,42,TQQQ,2024-12-31,2025-12-31,2026-01-02,2026-01-14,2025-12-31,52.720001220703125,0.0815337219217152,0.0434369697990597,55.0099983215332,0.4019337452298532,0.5980662547701467,1,1,1.0,0.1114771150489749,0.0278831064485747,54.18999862670898,0.4762782674937705,0.5237217325062294,1,1,1.0,0.1150704934377191,0.0601289471840993,55.88999938964844,0.3736662269928653,0.6263337730071347,1,1,1.0,0.0566767876403936,0.0210546393143038,53.83000183105469,0.2712349342679852,0.7287650657320148,1,1,1.0,0.0911895295122007,0.0381259156865094,54.72999954223633,0.3807782934961186,0.6192217065038814,4,4,1.0,,,,,,,,,,0.001,0.01,0.1
2026-06-21_02-04-00,elasticnet_alpha0001_l1_01_logreg_C001,ElasticNet,close_lag_5,ma_ratio_28,other_symbol_close,return_20d_past,return_14d_past,,,,42,TQQQ,2025-01-02,2026-01-02,2026-01-05,2026-01-15,2026-01-02,52.34999847412109,0.1242709718556429,0.0538681905830096,55.16999816894531,0.447398140970575,0.5526018590294249,1,1,1.0,0.1088969158908909,0.0651384899103257,55.7599983215332,0.4645822695514757,0.5354177304485243,1,1,1.0,0.0939279703290812,0.062082141255584,55.59999847412109,0.459712293544701,0.540287706455299,1,1,1.0,0.0240873674612102,0.0387775100890912,54.380001068115234,0.2666657879693158,0.7333342120306842,1,1,1.0,0.0877958063842063,0.0549665829595026,55.22749900817871,0.4095896230090169,0.5904103769909831,4,4,1.0,,,,,,,,,,0.001,0.01,0.1
2026-06-21_02-04-00,elasticnet_alpha0001_l1_01_logreg_C001,ElasticNet,close_lag_5,ma_ratio_28,other_symbol_close,return_20d_past,return_14d_past,,,,42,TQQQ,2025-01-05,2026-01-05,2026-01-06,2026-01-16,2026-01-05,53.59999847412109,0.0604058634064852,0.0110074658467154,54.18999862670898,0.3887731407243083,0.6112268592756916,1,1,1.0,0.0601716512974823,0.0427238988940081,55.88999938964844,0.3982860704837303,0.6017139295162697,1,1,1.0,0.0420975149815113,0.0042911075276361,53.83000183105469,0.3349929282811025,0.6650070717188975,1,1,1.0,-0.0234315454672498,0.0100746442332095,54.13999938964844,0.2289725121663633,0.7710274878336366,0,0,,0.0348108710545572,0.0170242791253923,54.51249980926514,0.3377561629138761,0.6622438370861239,3,3,1.0,,,,,,,,,,0.001,0.01,0.1
2026-06-21_02-04-00,elasticnet_alpha0001_l1_01_logreg_C001,ElasticNet,close,close_lag_5,other_symbol_close,ma_ratio_14,low,,,,42,SQQQ,2024-12-31,2025-12-31,2026-01-02,2026-01-14,2025-12-31,68.5,-0.0573697275655305,-0.0421897721116559,65.61000061035156,0.4636363294708191,0.5363636705291809,0,0,,-0.0748571470168164,-0.0278832651402828,66.58999633789062,0.4339976535520577,0.5660023464479422,0,0,,-0.0653692835375505,-0.0582481439966354,64.51000213623047,0.4937873681790687,0.5062126318209312,0,0,,-0.0251631972520999,-0.02277368698677,66.94000244140625,0.6764139407057905,0.3235860592942094,0,0,,-0.0556898388429993,-0.037773717058836,65.91250038146973,0.516958822976934,0.483041177023066,0,0,,,,,,,,,,,0.001,0.01,0.1
2026-06-21_02-04-00,elasticnet_alpha0001_l1_01_logreg_C001,ElasticNet,close,close_lag_5,other_symbol_close,ma_ratio_14,low,,,,42,SQQQ,2025-01-02,2026-01-02,2026-01-05,2026-01-15,2026-01-02,68.97000122070312,-0.0915191383755448,-0.05147169767908,65.41999816894531,0.444589321093258,0.555410678906742,0,0,,-0.0658420100895796,-0.0623459906575593,64.66999816894531,0.4175700285799086,0.5824299714200913,0,0,,-0.0338656102439421,-0.0597361559179631,64.8499984741211,0.4096582153184114,0.5903417846815886,0,0,,-0.013727027291699,-0.0392924320212884,66.26000213623047,0.6488016302330384,0.3511983697669616,0,0,,-0.0512384465001914,-0.0532115690689727,65.29999923706055,0.4801547988061541,0.5198452011938459,0,0,,,,,,,,,,,0.001,0.01,0.1
2026-06-21_02-04-00,elasticnet_alpha0001_l1_01_logreg_C001,ElasticNet,close,close_lag_5,other_symbol_close,ma_ratio_14,low,,,,42,SQQQ,2025-01-05,2026-01-05,2026-01-06,2026-01-16,2026-01-05,67.36000061035156,-0.04930869386944865,-0.011431179713240813,66.58999633789062,0.48310316782450835,0.5168968321754916,0,0,,-0.059953249428527644,-0.042309953211062123,64.51000213623047,0.5034247992164103,0.49657520078358974,0,0,,-0.02048739668596139,-0.006235127154686659,66.94000244140625,0.5276884057868987,0.4723115942131013,0,0,,0.023922632773422773,-0.01157955421955581,66.58000183105469,0.6794977749066888,0.3205022250933111,1,0,0.0,-0.026456676802628726,-0.01788895357463635,66.15500068664551,0.5484285369336266,0.45157146306637347,1,0,0.0,,,,,,,,,,0.001,0.01,0.1
